label,samples,avg_length,avg_words,avg_readability
Forced Action,8,193,32.5,16.770643274853803
Misdirection,432,41.548611111111114,8.31712962962963,2.8971594086986787
Not Dark Pattern,1178,34.6918505942275,5.581494057724957,8.613918677064277
Obstruction,57,367.719298245614,62.89473684210526,28.30663843854552
Scarcity,1096,19.215328467153284,3.927007299270073,3.1577188332754043
Sneaking,24,146.83333333333334,24.416666666666668,18.068072324565044
Social Proof,626,50.98562300319489,8.552715654952078,6.515632986606292
Urgency,447,35.8903803131991,6.496644295302014,6.416982767473442
